"0",""
"0","univarie1(""sexe"",projet)"
"1","[1m[33mError[39m in `geom_bar()`:[22m
[38;5;232m[33m![38;5;232m Problem while setting up geom aesthetics.
[36mℹ[38;5;232m Error occurred in the 1st layer.[39m
[1mCaused by error in `check_aesthetics()`:[22m
[38;5;232m[33m![38;5;232m Aesthetics must be either length 1 or the same as the data (2).
[31m✖[38;5;232m Fix the following mappings: `fill`.[39m
Backtrace:
[90m  1. [39m[1mglobal[22m univarie1(""sexe"", projet)
[90m  3. [39mggplot2:::print.ggplot(graphique)
[90m  5. [39mggplot2:::ggplot_build.ggplot(x)
[90m  6. [39mggplot2:::by_layer(...)
[90m 13. [39mggplot2 (local) f(l = layers[[i]], d = data[[i]])
[90m 14. [39ml$compute_geom_2(d)
[90m 15. [39mggplot2 (local) compute_geom_2(..., self = self)
[90m 16. [39mself$geom$use_defaults(data, self$aes_params, modifiers)
[90m 17. [39mggplot2 (local) use_defaults(..., self = self)
[90m 18. [39m[1m[94mggplot2:::check_aesthetics([39m[22mnew_params, nrow(data)[1m[94m)[39m[22m
"
