{"chunk_definitions":[{"row":19,"row_count":1,"visible":true,"expansion_state":0,"options":{"engine":"r","echo":false,"label":"unnamed-chunk-1","dev":"png"},"document_id":"A88273D3","chunk_id":"cn6l8na7tnhpx","chunk_label":"unnamed-chunk-1"},{"row":26,"row_count":1,"visible":true,"expansion_state":0,"options":{"engine":"r","label":"unnamed-chunk-36","dev":"png"},"document_id":"D903D75D","chunk_id":"cgtyr9yt4uo0u","chunk_label":"unnamed-chunk-2"},{"row":32,"row_count":1,"visible":true,"expansion_state":0,"options":{"engine":"r","label":"unnamed-chunk-37","dev":"png"},"document_id":"D903D75D","chunk_id":"ctsca0367fjdk","chunk_label":"unnamed-chunk-3"},{"row":38,"row_count":1,"visible":true,"expansion_state":0,"options":{"engine":"r","label":"unnamed-chunk-38","dev":"png"},"document_id":"D903D75D","chunk_id":"c48s4batffytt","chunk_label":"unnamed-chunk-4"},{"row":46,"row_count":1,"visible":true,"expansion_state":0,"options":{"engine":"r","echo":false,"label":"unnamed-chunk-3","dev":"png"},"document_id":"D903D75D","chunk_id":"chlgebkzpzv48","chunk_label":"unnamed-chunk-5"},{"row":53,"row_count":1,"visible":true,"expansion_state":0,"options":{"engine":"r","label":"unnamed-chunk-15","dev":"png"},"document_id":"D903D75D","chunk_id":"cxxwz6wgv9npy","chunk_label":"unnamed-chunk-6"},{"row":58,"row_count":1,"visible":true,"expansion_state":0,"options":{"engine":"r","label":"unnamed-chunk-16","dev":"png"},"document_id":"D903D75D","chunk_id":"cuwwj1fanoyfd","chunk_label":"unnamed-chunk-7"},{"row":63,"row_count":1,"visible":true,"expansion_state":0,"options":{"engine":"r","label":"unnamed-chunk-17","dev":"png"},"document_id":"A88273D3","chunk_id":"cc1hklrv5x82w","chunk_label":"unnamed-chunk-8"},{"row":68,"row_count":1,"visible":true,"expansion_state":0,"options":{"engine":"r","label":"unnamed-chunk-18","dev":"png"},"document_id":"D903D75D","chunk_id":"c8nzze56ls6gh","chunk_label":"unnamed-chunk-9"},{"row":75,"row_count":1,"visible":true,"expansion_state":0,"options":{"engine":"r","label":"unnamed-chunk-11","dev":"png"},"document_id":"D903D75D","chunk_id":"ctqollr2bofgl","chunk_label":"unnamed-chunk-10"},{"row":82,"row_count":1,"visible":true,"expansion_state":0,"options":{"engine":"r","label":"unnamed-chunk-45","dev":"png"},"document_id":"D903D75D","chunk_id":"c0ud0i7ekbbvy","chunk_label":"unnamed-chunk-11"},{"row":89,"row_count":1,"visible":true,"expansion_state":0,"options":{"engine":"r","label":"unnamed-chunk-46","dev":"png"},"document_id":"D903D75D","chunk_id":"cueev6ovunp34","chunk_label":"unnamed-chunk-12"},{"row":100,"row_count":1,"visible":true,"expansion_state":0,"options":{"engine":"r","echo":false,"label":"unnamed-chunk-14","dev":"png"},"document_id":"D903D75D","chunk_id":"cun0n8etxr4wc","chunk_label":"unnamed-chunk-13"},{"row":147,"row_count":1,"visible":true,"expansion_state":0,"options":{"engine":"r","label":"unnamed-chunk-68","dev":"png"},"document_id":"A88273D3","chunk_id":"czyx90j9nqfke","chunk_label":"unnamed-chunk-14"},{"row":152,"row_count":1,"visible":true,"expansion_state":0,"options":{"engine":"r","label":"unnamed-chunk-69","dev":"png"},"document_id":"A88273D3","chunk_id":"c2tlex5n099x5","chunk_label":"unnamed-chunk-15"},{"row":193,"row_count":1,"visible":true,"expansion_state":0,"options":{"engine":"r","label":"unnamed-chunk-9","dev":"png"},"document_id":"D903D75D","chunk_id":"ct1lj5mwx53vk","chunk_label":"unnamed-chunk-16"},{"row":221,"row_count":1,"visible":true,"expansion_state":0,"options":{"engine":"r","label":"unnamed-chunk-52","dev":"png"},"document_id":"D903D75D","chunk_id":"c59ks8mmuflbc","chunk_label":"unnamed-chunk-17"},{"row":230,"row_count":1,"visible":true,"expansion_state":0,"options":{"engine":"r","label":"unnamed-chunk-10","dev":"png"},"document_id":"D903D75D","chunk_id":"c4yn927v00n60","chunk_label":"unnamed-chunk-18"},{"row":235,"row_count":1,"visible":true,"expansion_state":0,"options":{"engine":"r","label":"unnamed-chunk-54","dev":"png"},"document_id":"D903D75D","chunk_id":"c24qa2nwsyzzu","chunk_label":"unnamed-chunk-19"},{"row":240,"row_count":1,"visible":true,"expansion_state":0,"options":{"engine":"r","label":"unnamed-chunk-55","dev":"png"},"document_id":"D903D75D","chunk_id":"cin5o3h2yg0gi","chunk_label":"unnamed-chunk-20"},{"row":245,"row_count":1,"visible":true,"expansion_state":0,"options":{"engine":"r","label":"unnamed-chunk-56","dev":"png"},"document_id":"D903D75D","chunk_id":"cmzc0d3se5wn3","chunk_label":"unnamed-chunk-21"},{"row":252,"row_count":1,"visible":true,"expansion_state":0,"options":{"engine":"r","label":"unnamed-chunk-57","dev":"png"},"document_id":"D903D75D","chunk_id":"ck3xzpmi3f4s9","chunk_label":"unnamed-chunk-22"},{"row":261,"row_count":1,"visible":true,"expansion_state":0,"options":{"engine":"r","label":"unnamed-chunk-58","dev":"png"},"document_id":"D903D75D","chunk_id":"csk435j0hrily","chunk_label":"unnamed-chunk-23"},{"row":267,"row_count":1,"visible":true,"expansion_state":0,"options":{"engine":"r","label":"unnamed-chunk-59","dev":"png"},"document_id":"D903D75D","chunk_id":"ctpvd2z8hdwos","chunk_label":"unnamed-chunk-24"},{"row":275,"row_count":1,"visible":true,"expansion_state":0,"options":{"engine":"r","label":"unnamed-chunk-61","dev":"png"},"document_id":"9F1137D1","chunk_id":"cqecvuy0twucc","chunk_label":"unnamed-chunk-25"},{"row":281,"row_count":1,"visible":true,"expansion_state":0,"options":{"engine":"r","label":"unnamed-chunk-62","dev":"png"},"document_id":"D903D75D","chunk_id":"c9y61h3fyc1zz","chunk_label":"unnamed-chunk-26"}],"doc_write_time":1712433244,"chunk_rendered_width":621}