"0",""
"0","library(gtsummary)"
"0",""
"0","univarie1 <- function(variable, base) {"
"0","  tableau <- base %>%"
"0","    select({{ variable }}) %>%"
"0","    tbl_summary() %>%"
"0","    bold_labels() %>%"
"0","    modify_header(label ~ ""**Variable**"") %>%"
"0","    modify_footnote(all_stat_cols() ~ ""Sortie"")%>%"
"0","    modify_caption(""Statistiques descriptives Univarié"")%>%"
"0","    bold_labels() %>%"
"0","    italicize_levels() %>%"
"0","    modify_header(update = list(label ~ ""**Variable**"")) %>%"
"0","    as_flex_table()"
"0","  #creation du graphique selon le type de données"
"0","  "
"0","  colors_qualitative <- c(""A"" = ""blue"", ""B"" = ""green"", ""C"" = ""red"")"
"0",""
"0","  "
"0","  if (is.numeric(base[[variable]])) {"
"0","    "
"0","  graphique <- ggplot(base, aes(x = .data[[variable]])) +"
"0","      geom_histogram(binwidth = 1) +"
"0","    scale_fill_manual(values = colors_qualitative) +"
"0","      labs(title = paste(""Histogramme de"", variable), x = variable, y = ""Fréquence"")"
"0","    print(graphique)"
"0","    "
"0","  } else {  # camenbert pour les variables qualitatives"
"0","    graphique <- ggplot(base, aes(x = .data[[variable]])) +"
"0","      geom_bar(fill =colors_qualitative)+"
"0","      scale_fill_manual(values = colors_qualitative) +"
"0","      labs(title = paste(""Diagramme en barres de"", variable), x = variable, y = ""Fréquence"")+"
"0","      coord_polar(theta = ""y"")"
"0","    print(graphique)"
"0","  }"
"0","  "
"0","  return(tableau)"
"0","}"
"0",""
"0",""
