"0",""
"0",""
"0","bivarie <- function(variable1, variable2, base) {"
"0","  tableau <- base %>%"
"0","    select({{ variable1 }}, {{ variable2 }}) %>%"
"0","    tbl_summary(by = {{ variable2 }}) %>%"
"0","    bold_labels() %>%"
"0","    modify_header(label = ""**Variable**"") %>%"
"0","    modify_footnote(all_stat_cols() ~ ""Sortie"") %>%"
"0","    modify_caption(""Statistiques descriptives Bivariées"") %>%"
"0","    bold_labels() %>%"
"0","    italicize_levels() %>%"
"0","    modify_header(update = list(label = ""**Variable**"")) %>%"
"0","    as_flex_table()"
"0","  "
"0","  if (is.numeric(base[[variable1]]) && is.numeric(base[[variable2]])) {"
"0","    graphique <- ggplot(base, aes(x = .data[[variable1]], y = .data[[variable2]])) +"
"0","      geom_point(color = ""blue"") +"
"0","      labs(title = paste(""Nuage de points entre"", variable1, ""et"", variable2), x = variable1, y = variable2)"
"0","    "
"0","    print(graphique)"
"0","  } else {"
"0","    print(""Les deux variables doivent être numériques pour créer un nuage de points."")"
"0","  }"
"0","  "
"0","  return(tableau)"
"0","}"
"0",""
