{"chunk_definitions":[{"row":36,"row_count":1,"visible":true,"expansion_state":0,"options":{"engine":"r","label":"unnamed-chunk-1","dev":"png"},"document_id":"D903D75D","chunk_id":"cgtyr9yt4uo0u","chunk_label":"unnamed-chunk-2"},{"row":43,"row_count":1,"visible":true,"expansion_state":0,"options":{"engine":"r","label":"unnamed-chunk-37","dev":"png"},"document_id":"D903D75D","chunk_id":"ctsca0367fjdk","chunk_label":"unnamed-chunk-3"},{"row":50,"row_count":1,"visible":true,"expansion_state":0,"options":{"engine":"r","label":"unnamed-chunk-4","dev":"png"},"document_id":"D903D75D","chunk_id":"c48s4batffytt","chunk_label":"unnamed-chunk-4"},{"row":58,"row_count":1,"visible":true,"expansion_state":0,"options":{"engine":"r","echo":false,"warning":false,"label":"unnamed-chunk-5","dev":"png"},"document_id":"D903D75D","chunk_id":"chlgebkzpzv48","chunk_label":"unnamed-chunk-5"},{"row":65,"row_count":1,"visible":true,"expansion_state":0,"options":{"engine":"r","echo":false,"label":"unnamed-chunk-6","dev":"png"},"document_id":"D903D75D","chunk_id":"cxxwz6wgv9npy","chunk_label":"unnamed-chunk-6"},{"row":71,"row_count":1,"visible":true,"expansion_state":0,"options":{"engine":"r","label":"unnamed-chunk-7","dev":"png"},"document_id":"D903D75D","chunk_id":"cuwwj1fanoyfd","chunk_label":"unnamed-chunk-7"},{"row":76,"row_count":1,"visible":true,"expansion_state":0,"options":{"engine":"r","label":"unnamed-chunk-8","dev":"png"},"document_id":"D903D75D","chunk_id":"czhtt7iljueh0","chunk_label":"unnamed-chunk-8"},{"row":84,"row_count":1,"visible":true,"expansion_state":0,"options":{"engine":"r","label":"unnamed-chunk-9","dev":"png"},"document_id":"D903D75D","chunk_id":"c8nzze56ls6gh","chunk_label":"unnamed-chunk-9"},{"row":94,"row_count":1,"visible":true,"expansion_state":0,"options":{"engine":"r","label":"unnamed-chunk-13","dev":"png"},"document_id":"D903D75D","chunk_id":"ctqollr2bofgl","chunk_label":"unnamed-chunk-10"},{"row":101,"row_count":1,"visible":true,"expansion_state":0,"options":{"engine":"r","label":"unnamed-chunk-14","dev":"png"},"document_id":"A88273D3","chunk_id":"cehj5qbhh4c30","chunk_label":"unnamed-chunk-11"},{"row":108,"row_count":1,"visible":true,"expansion_state":0,"options":{"engine":"r","label":"unnamed-chunk-15","dev":"png"},"document_id":"A88273D3","chunk_id":"cbvufgzge8wui","chunk_label":"unnamed-chunk-12"},{"row":119,"row_count":1,"visible":true,"expansion_state":0,"options":{"engine":"r","echo":false,"warning":false,"label":"unnamed-chunk-16","dev":"png"},"document_id":"A88273D3","chunk_id":"c6b3pbmnyqxif","chunk_label":"unnamed-chunk-13"},{"row":161,"row_count":1,"visible":true,"expansion_state":0,"options":{"engine":"r","echo":false,"warning":false,"label":"unnamed-chunk-18","dev":"png"},"document_id":"A88273D3","chunk_id":"c5634utkvafot","chunk_label":"unnamed-chunk-14"},{"row":195,"row_count":1,"visible":true,"expansion_state":0,"options":{"engine":"r","echo":false,"warning":false,"label":"unnamed-chunk-19","dev":"png"},"document_id":"A88273D3","chunk_id":"cpqf378in03yp","chunk_label":"unnamed-chunk-15"},{"row":204,"row_count":1,"visible":true,"expansion_state":0,"options":{"engine":"r","label":"unnamed-chunk-20","dev":"png"},"document_id":"A88273D3","chunk_id":"c4sdrjlovitdp","chunk_label":"unnamed-chunk-16"},{"row":211,"row_count":1,"visible":true,"expansion_state":0,"options":{"engine":"r","label":"unnamed-chunk-21","dev":"png"},"document_id":"A88273D3","chunk_id":"cjsit55mflyjd","chunk_label":"unnamed-chunk-17"},{"row":218,"row_count":1,"visible":true,"expansion_state":0,"options":{"engine":"r","echo":false,"label":"unnamed-chunk-22","dev":"png"},"document_id":"A88273D3","chunk_id":"c6fynk8h6chbx","chunk_label":"unnamed-chunk-18"},{"row":226,"row_count":1,"visible":true,"expansion_state":0,"options":{"engine":"r","label":"unnamed-chunk-23","dev":"png"},"document_id":"A88273D3","chunk_id":"chx3wwc6x1l8n","chunk_label":"unnamed-chunk-19"},{"row":234,"row_count":1,"visible":true,"expansion_state":0,"options":{"engine":"r","label":"unnamed-chunk-25","dev":"png"},"document_id":"A88273D3","chunk_id":"cxfiascx09o6g","chunk_label":"unnamed-chunk-20"},{"row":242,"row_count":1,"visible":true,"expansion_state":0,"options":{"engine":"r","echo":false,"label":"unnamed-chunk-26","dev":"png"},"document_id":"A88273D3","chunk_id":"c2va9q27qe8ai","chunk_label":"unnamed-chunk-21"},{"row":251,"row_count":1,"visible":true,"expansion_state":0,"options":{"engine":"r","echo":false,"label":"unnamed-chunk-27","dev":"png"},"document_id":"A88273D3","chunk_id":"cizpdvlyhuei7","chunk_label":"unnamed-chunk-22"},{"row":260,"row_count":1,"visible":true,"expansion_state":0,"options":{"engine":"r","label":"unnamed-chunk-28","dev":"png"},"document_id":"A88273D3","chunk_id":"cdhr2c3oyi34x","chunk_label":"unnamed-chunk-23"},{"row":269,"row_count":1,"visible":true,"expansion_state":0,"options":{"engine":"r","echo":false,"label":"unnamed-chunk-30","dev":"png"},"document_id":"A88273D3","chunk_id":"c95c31l7zmjoh","chunk_label":"unnamed-chunk-24"},{"row":279,"row_count":1,"visible":true,"expansion_state":0,"options":{"engine":"r","label":"unnamed-chunk-31","dev":"png"},"document_id":"A88273D3","chunk_id":"cpnmklcw5555l","chunk_label":"unnamed-chunk-25"},{"row":292,"row_count":1,"visible":true,"expansion_state":0,"options":{"engine":"r","label":"unnamed-chunk-32","dev":"png"},"document_id":"A88273D3","chunk_id":"c9e3mwuipclsc","chunk_label":"unnamed-chunk-26"},{"row":308,"row_count":1,"visible":true,"expansion_state":0,"options":{"engine":"r","label":"unnamed-chunk-34","dev":"png"},"document_id":"A88273D3","chunk_id":"c1cx2pig9etqe","chunk_label":"unnamed-chunk-28"},{"row":316,"row_count":1,"visible":true,"expansion_state":0,"options":{"engine":"r","label":"unnamed-chunk-35","dev":"png"},"document_id":"A88273D3","chunk_id":"cm8aoj6pj4gk3","chunk_label":"unnamed-chunk-29"},{"row":325,"row_count":1,"visible":true,"expansion_state":0,"options":{"engine":"r","label":"unnamed-chunk-37","dev":"png"},"document_id":"A88273D3","chunk_id":"cathpekcsfr25","chunk_label":"unnamed-chunk-30"},{"row":336,"row_count":1,"visible":true,"expansion_state":0,"options":{"engine":"r","label":"unnamed-chunk-38","dev":"png"},"document_id":"A88273D3","chunk_id":"cp8xltmp5s9ki","chunk_label":"unnamed-chunk-31"},{"row":345,"row_count":1,"visible":true,"expansion_state":0,"options":{"engine":"asis","label":"unnamed-chunk-39","dev":"png"},"document_id":"A88273D3","chunk_id":"cvup0uslw9ysr","chunk_label":"unnamed-chunk-32"}],"doc_write_time":1712449079,"chunk_rendered_width":524}