"0","library(gtsummary)"
"0","univarie <- function(variable, base) {"
"0","  if (is.numeric(base[[variable]])) {"
"0","    resultat <- base %>%"
"0","      dplyr::summarise("
"0","        Moyenne = mean(.data[[variable]], na.rm = TRUE),"
"0","        Minimum = min(.data[[variable]], na.rm = TRUE),"
"0","        Maximum = max(.data[[variable]], na.rm = TRUE),"
"0","        ""Ecart-type"" = sd(.data[[variable]], na.rm = TRUE)"
"0","      )"
"0","    print(""Statistique Univariée quantitative\n"")"
"0","    print(resultat)"
"0","    "
"0","    # Histogramme pour les variables numériques"
"0","    graphique <- ggplot(base, aes(x = .data[[variable]])) +"
"0","      geom_histogram(binwidth = 1, fill = ""blue"", color = ""black"") +"
"0","      labs(title = paste(""Histogramme de"", variable), x = variable, y = ""Fréquence"")"
"0","    print(graphique)"
"0","    "
"0","  } else {"
"0","    resultat <- base %>%"
"0","      dplyr::group_by(.data[[variable]]) %>%"
"0","      dplyr::summarise(nombre = n())"
"0","    "
"0","    print(""Statistique Univariée qualitative\n"")"
"0","    print(resultat)"
"0","    "
"0","    # Diagramme en barres pour les variables qualitatives"
"0","    graphique <- ggplot(base, aes(x = .data[[variable]])) +"
"0","      geom_bar(fill = ""blue"", color = ""black"") +"
"0","      labs(title = paste(""Diagramme en barres de"", variable), x = variable, y = ""Fréquence"")"
"0","    print(graphique)"
"0","  }"
"0","}"
"0",""
"0",""
